Order,Country,Number of new projects,Newly registered capital (million USD),Adjusted project number,Adjusted capital (million USD),Number of times of capital contribution to buy shares,"Value of capital contribution, share purchase
(million USD)",Year
1,Korea,828,5518.61,411,617.79,644,899.9,2016
2,Japan,341,868.09,219,1288.08,276,433.68,2016
3,Singapore,210,1590.5,92,571.39,161,257.2,2016
4,China,278,1263.22,74,441.15,319,170.85,2016
5,Taiwan,122,826.02,94,501.12,193,533.02,2016
6,Hongkong,166,1102.71,58,496.83,25,40.61,2016
7,Malaysia,40,532.85,26,154.89,96,226.29,2016
8,BritishVirginIslands,48,440.38,38,382.54,5,35.32,2016
9,Thailand,35,432.56,17,51.35,60,222.59,2016
10,Cayman Islands,8,633.61,2,11.14,,,2016
11,Samoa,26,376.65,26,151.12,,,2016
12,Australia,42,194.98,11,128.05,62,124.59,2016
13,The United States of America,64,197.2,21,98.68,132,104.52,2016
14,Brunei Darussalam,18,188.15,19,126.05,,,2016
15,Luxembourg,,,6,298.15,2,4.81,2016
16,Seychelles,38,229.53,12,54.33,,,2016
17,United Kingdom,46,164.48,9,33.25,32,22.55,2016
18,France,39,125.91,9,17.13,69,55.28,2016
19,India,19,88.85,4,9.14,42,4.7,2016
20,Neitherland,16,38.37,15,16.17,30,32.11,2016
21,Canada,15,38.54,3,7.66,32,21.53,2016
22,British West Indies,4,61.2,1,2,1,0.02,2016
23,Liên bang Nga,16,46.99,,,39,9.78,2016
24,Philippines,2,10.05,1,4.9,12,39.72,2016
25,Switzerland,8,5.6,6,32.76,13,16.04,2016
26,Denmark,8,3.46,4,37.41,17,10.9,2016
27,Bermuda,1,20.55,1,30,,,2016
28,Germany,21,15.39,8,20.22,41,9.3,2016
29,Macao,2,3.8,3,38.94,,,2016
30,Marshall Islands,1,40,,,,,2016
31,Italia,11,18.21,2,19.1,12,1.29,2016
32,Austria,4,1.57,1,16,7,17,2016
33,Ukraina,2,0.59,,,9,28.62,2016
34,Poland,3,26.36,,,4,0.17,2016
35,Belize,2,6.5,3,20,,,2016
36,Indonesia,8,6.72,3,14.86,14,2.33,2016
37,Pakistan,1,0.03,1,21,18,1,2016
38,Kazakhstan,,,,,2,21.19,2016
39,New Zealand,1,0.15,4,2.6,11,15.8,2016
40,Spain,6,0.55,2,0.93,7,16.14,2016
41,Belarus,1,16.2,,,2,0.1,2016
42,Cambodia,5,3.5,,,3,12.02,2016
43,Mauritius,1,0.5,4,14.14,,,2016
44,Laos,1,9,,,1,4.85,2016
45,Ireland,,,1,12.5,2,0.03,2016
46,Angola,1,6.66,1,5,,,2016
47,Panama,1,9,1,2,,,2016
48,El Salvador,1,10,,,,,2016
49,Belgium,7,2.25,,,12,6.88,2016
50,Sri Lanka,1,0.05,1,7.3,2,0.07,2016
51,Czech Republic,,,1,0.4,3,5.69,2016
52,Turkey,2,1.15,1,2,2,1.48,2016
53,Portugal,,,,,1,4,2016
54,Hungary,,,,,2,3.58,2016
55,Jordan,,,2,3,9,0.44,2016
56,Sweden,7,1.68,1,0.59,2,0.17,2016
57,Nigeria,3,0.06,1,0.09,57,1.9,2016
58,Saint Vincent and the Grenadines,,,1,1.95,,,2016
59,Saudi Arabic,3,1.28,,,3,0.21,2016
60,Liechtenstein,1,1,,,,,2016
61,Slovenia,,,,,1,0.89,2016
62,Egypt,,,1,0.05,4,0.53,2016
63,Swaziland,,,,,1,0.47,2016
64,Nauy,1,0.02,2,-0.7,2,1.1,2016
65,Poland,1,0.1,1,0.06,2,0.17,2016
66,Israel,4,0.17,,,6,0.15,2016
67,Nepal,,,,,6,0.28,2016
68,Armenia,1,0.01,,,3,0.26,2016
69,Cape Verde,,,,,1,0.22,2016
70,Bangladesh,,,,,4,0.17,2016
71,United Arab Emirates,2,0.15,,,1,0.01,2016
72,Iraq,1,0.04,,,3,0.1,2016
73,Palestine,1,0.09,,,1,0.03,2016
74,Congo,,,,,2,0.11,2016
75,Mali,,,,,3,0.11,2016
76,Lithuania,,,,,3,0.1,2016
77,Sudan,1,0.1,,,,,2016
78,Antigua and Barbuda,1,0.1,,,,,2016
79,Romania,,,,,1,0.08,2016
80,Grece,,,,,1,0.06,2016
81,Iran (Islamic Republic of),1,0.01,,,2,0.04,2016
82,Yemen,1,0.05,,,,,2016
83,Maroc,1,0.05,,,,,2016
84,Colombia,,,,,1,0.04,2016
85,Republic of Cyprus,,,,,2,0.04,2016
86,South Africa,2,0.02,,,1,0.01,2016
87,Bulgaria,1,0.02,,,,,2016
88,Afghanistan,,,,,1,0.02,2016
89,Guinea,,,,,2,0.02,2016
90,Cameroon,,,,,2,0.02,2016
91,Mongolia,,,,,1,0.02,2016
92,Algeria,,,,,1,0.01,2016
93,Sierra Leone,,,,,1,0.01,2016
94,Argentina,1,0.01,,,,,2016
95,Latvia,1,0.01,,,,,2016
96,Japan,367,"7,745.84",199,894.6,459,471.48,2017
97,Korea,861,"3,973.26",426,"3,682.13","1,319",838.92,2017
98,Singapore,186,"3,771.84",70,843.47,322,692.56,2017
99,China,284,"1,409.72",83,271.56,817,487.08,2017
100,BritishVirginIslands,41,271.85,21,214.38,56,"1,165.11",2017
101,Hongkong,129,740.4,82,607.48,99,138.51,2017
102,Taiwan,106,326.93,85,776.28,453,356.77,2017
103,The United States of America,73,637.66,17,155.5,158,75.6,2017
104,Neitherland,36,307.48,15,29.88,35,416.95,2017
105,Thailand,47,299.63,18,87.76,98,325.5,2017
106,Samoa,38,214.59,16,185.81,20,66.44,2017
107,Cayman Islands,8,16.47,5,252.27,17,129.27,2017
108,Germany,33,338.04,18,64.14,43,11.82,2017
109,Oman,3,327.03,,,,,2017
110,Malaysia,28,122.77,17,37.33,138,131.18,2017
111,United Kingdom,38,206,7,17.97,41,15.18,2017
112,India,44,151.38,7,6.23,113,29.88,2017
113,Seychelles,27,72.6,12,43.39,19,48.69,2017
114,Australia,33,89.06,12,-27.47,121,97.56,2017
115,France,44,63.62,13,14,102,28.55,2017
116,Marshall Islands,,,2,1.35,3,98.56,2017
117,Denmark,5,15.83,6,47.92,17,5.83,2017
118,Belgium,3,0.45,2,2.92,17,52.24,2017
119,Brunei Darussalam,2,5.02,9,26.42,6,15.49,2017
120,Indonesia,14,17.99,5,21.75,18,6.11,2017
121,Canada,7,6.59,3,4.15,37,34.54,2017
122,Switzerland,6,30.72,5,11.81,13,2.13,2017
123,Liên bang Nga,10,1.75,2,1.66,57,40,2017
124,Belize,4,22.03,2,11.5,2,3.01,2017
125,Poland,1,0.1,2,32.2,5,4.07,2017
126,Angola,,,2,33.14,1,0.13,2017
127,Philippines,2,0.05,1,4,20,25.98,2017
128,Anguilla,3,4.05,,,5,25.95,2017
129,Israel,4,1.12,3,20.02,8,0.86,2017
130,British West Indies,1,20,1,1.8,,,2017
131,Italia,7,0.4,2,13.5,24,5.98,2017
132,Mauritius,1,0.02,3,11.93,2,7.15,2017
133,Luxembourg,3,3.8,3,2.8,5,12.22,2017
134,Slovakia,2,11,,,3,5.12,2017
135,Hungary,3,13.22,,,3,1.13,2017
136,Bermuda,1,2,1,9,,,2017
137,Saint Vincent and the Grenadines,,,1,10.1,,,2017
138,Macao,1,0.03,1,9,1,0.02,2017
139,Spain,10,6.51,,,7,0.11,2017
140,Cambodia,1,1.5,1,1.6,5,3.34,2017
141,Turkey,4,4.33,,,7,1.84,2017
142,Sweden,4,5.5,1,0.03,17,0.41,2017
143,Nauy,3,0.49,,,13,3.8,2017
144,New Zealand,1,0.01,1,0.5,8,3,2017
145,Nigeria,3,0.53,,,81,2.93,2017
146,Pakistan,15,0.79,,,41,2.46,2017
147,Poland,2,1.65,1,0.2,4,0.94,2017
148,Argentina,1,0,,,1,2.37,2017
149,United States Virgin Islands,1,0.5,,,1,1.78,2017
150,Sri Lanka,1,1,1,0.2,10,0.79,2017
151,Egypt,,,1,0.7,7,1.09,2017
152,Czech Republic,2,0.12,,,5,1.57,2017
153,Austria,3,0.26,1,0.79,4,0.27,2017
154,South Africa,2,1.02,,,5,0.12,2017
155,Ghana,2,1.02,,,2,0.05,2017
156,Kuwait,1,1,,,, -   ,2017
157,Congo,,,,,3,0.91,2017
158,Ukraina,2,0.56,,,8,0.27,2017
159,Panama,1,0.3,,,1,0.48,2017
160,Colombia,,,,,1,0.64,2017
161,Kazakhstan,1,0.44,,,2,0.18,2017
162,Bangladesh,2,0.09,,,13,0.46,2017
163,Guinea,,,,,5,0.5,2017
164,Laos,,,,,1,0.42,2017
165,Afghanistan,1,0.3,,,2,0.11,2017
166,Grenada,1,0.4,,,,,2017
167,Nepal,2,0.08,,,8,0.3,2017
168,United Arab Emirates,1,0.02,1,0.35,,,2017
169,Iraq,,,,,3,0.36,2017
170,Ireland,1,0.1,,,3,0.24,2017
171,Sudan,2,0.21,,,1,0.1,2017
172,Saudi Arabia,,,,,4,0.3,2017
173,Lebanon,1,0.1,,,1,0.16,2017
174,Barbados,1,0.25,,,,,2017
175,Iran (Islamic Republic of),,,,,4,0.23,2017
176,Jordan,,,,,5,0.22,2017
177,Portugal,2,0.11,,,2,0.1,2017
178,Malawi,,,,,1,0.2,2017
179,Bulgaria,,,,,2,0.18,2017
180,Slovenia,,,,,1,0.14,2017
181,Mongolia,1,0.1,,,1,0.03,2017
182,Cu Ba,1,0.1,,,1,0.02,2017
183,Latvia,,,,,2,0.12,2017
184,North Korea,,,,,2,0.11,2017
185,Uganda,1,0.04,,,1,0.07,2017
186,Grece,,,,,3,0.08,2017
187,Turkmenistan,1,0.07,,,,,2017
188,Romania,,,,,2,0.07,2017
189,Brazil,,,,,2,0.06,2017
190,Armenia,,,,,1,0.06,2017
191,Saint Kitts and Nevis,,,,,1,0.04,2017
192,Azerbaijan,,,,,1,0.04,2017
193,Saudi Arabic,,,,,1,0.04,2017
194,Niger,,,,,1,0.04,2017
195,Yemen,,,,,1,0.04,2017
196,Cameroon,1,0.01,,,1,0.02,2017
197,Senegal,,,,,2,0.02,2017
198,Costa Rica,1,0.02,,,,,2017
199,Morocco,,,,,1,0.02,2017
200,Syrian Arab Republic,,,,,2,0.02,2017
201,Chile,1,0.02,,,,,2017
202,Mali,,,,,3,0.01,2017
203,Libya,,,,,1,0.01,2017
204,Moldova,,,,,1,0.01,2017
205,Iceland,,,,,1,0.01,2017
206,Ethiopia,1,0.01,,,,,2017
207,Tanzania,,,,,2,0.01,2017
208,Myanmar ,,,,,1,0.01,2017
209,Serbia,1,0.005,,,,,2017
210,Republic of Cyprus,2,4.02,1,-21.2,1,1.22,2017
211,Japan,429,"6,592.14",201,"1,397.16",585,609.65,2018
212,Korea,1043,"3,657.58",403,"2,270.94","1,899","1,283.57",2018
213,Singapore,226,"1,423.56",69,"1,846.28",464,"1,801.18",2018
214,Hongkong,159,"1,128.86",83,808.09,127,"1,294.66",2018
215,China,389,"1,217.13",90,445.43,"1,029",802.33,2018
216,BritishVirginIslands,42,293.93,28,240.73,81,"1,331.61",2018
217,Taiwan,133,486.34,71,193.23,506,394.58,2018
218,Thailand,40,898.63,22,-311.46,108,175.28,2018
219,Australia,43,33.4,9,2.82,137,572.85,2018
220,France,41,523.6,12,14.88,98,48.86,2018
221,The United States of America,84,164.21,29,42.67,260,343.6,2018
222,Malaysia,41,254.76,13,27.47,167,153.31,2018
223,Germany,29,139.35,16,115.76,63,142.46,2018
224,Neitherland,17,220.29,16,42.45,41,124.3,2018
225,Samoa,37,167.08,21,75.56,43,93.38,2018
226,Cayman Islands,5,28.33,8,87.58,24,127.03,2018
227,United Kingdom,45,58.61,15,161.33,74,14.4,2018
228,Seychelles,23,115.71,13,39.25,27,52.24,2018
229,India,40,111.88,2,5,92,51.36,2018
230,Belgium,7,126.43,1,0.41,14,2.55,2018
231,Indonesia,8,79.64,3,14.65,16,8.13,2018
232,Canada,14,4.27,3,0.41,58,81.11,2018
233,Switzerland,11,5.94,2,32.5,16,47.11,2018
234,Macao,3,83.1,,,1,0.71,2018
235,Cambodia,1,0.08,1,-0.22,6,82.29,2018
236,Nauy,4,70.08,1,2,10,2.16,2018
237,Philippines,8,2.54,1,0.03,17,50.27,2018
238,Liên bang Nga,8,1.09,1,0.13,40,41.42,2018
239,Bermuda,2,31.5,1,8,,,2018
240,Anguilla,3,15,,,3,15.24,2018
241,Nigeria,4,0.29,,,84,27.14,2018
242,Luxembourg,3,0.58,4,2.84,10,15.76,2018
243,Spain,5,1.35,4,1.59,15,14.06,2018
244,Brunei Darussalam,1,0.2,7,-2.81,5,19.22,2018
245,Mauritius,1,15.2,,,1,0.67,2018
246,Republic of Cyprus,2,0.57,2,11.04,2,0.99,2018
247,El Salvador,1,2.5,1,10,,,2018
248,British West Indies,1,3.3,2,5.8,1,1.16,2018
249,Pakistan,18,1.23,1,0.02,72,6.81,2018
250,Belize,,,,,6,7.94,2018
251,Marshall Islands,,,,,2,7.92,2018
252,New Zealand,4,4.9,1,1.19,10,1.42,2018
253,Sweden,8,2.35,3,1.35,17,2.22,2018
254,Austria,1,0.05,3,4.85,1,0.01,2018
255,Italia,7,1.89,1,0.44,20,2.45,2018
256,Israel,1,0.02,,,6,4.67,2018
257,United Arab Emirates,4,3.11,,,1,1.26,2018
258,Argentina,,,,,1,3.48,2018
259,Czech Republic,4,0.09,,,11,2.29,2018
260,Poland,1,0.02,,,7,2.05,2018
261,Turkey,1,0.2,,,11,1.85,2018
262,Angola,,,1,2,,,2018
263,Kazakhstan,,,,,8,1.98,2018
264,United States Virgin Islands,,,,,4,1.8,2018
265,Bulgaria,1,0.2,,,3,1.29,2018
266,Slovakia,1,0,,,2,1.21,2018
267,Panama,1,0.05,,,2,1.12,2018
268,Bangladesh,6,0.25,,,22,0.89,2018
269,Malawi,,,,,1,1.12,2018
270,Laos,,,,,2,1.02,2018
271,Guinea Bissau,,,,,3,1.01,2018
272,Mali,2,0.32,,,13,0.52,2018
273,Dominica,,,,,1,0.78,2018
274,Saint Kitts and Nevis,1,0.2,,,2,0.52,2018
275,Jordan,,,,,2,0.71,2018
276,Somali,,,,,2,0.59,2018
277,Sudan,,,,,8,0.57,2018
278,Ireland,2,0.25,,,10,0.27,2018
279,Venezuela,1,0.5,,,,,2018
280,Sri Lanka,2,0.19,2,0.01,8,0.3,2018
281,Egypt,2,0.03,,,8,0.46,2018
282,Yemen,1,0.02,,,6,0.37,2018
283,Burkina Faso,,,,,7,0.38,2018
284,Trinidad and Tobago,,,,,2,0.35,2018
285,Lithuania,1,0.27,,,,,2018
286,South Africa,3,0.05,,,4,0.21,2018
287,Poland,3,0.14,,,4,0.11,2018
288,Afghanistan,1,0.09,,,4,0.15,2018
289,Grece,2,0.05,,,3,0.19,2018
290,Ukraina,,,,,5,0.23,2018
291,Guinea,,,,,6,0.21,2018
292,Tonga,,,,,1,0.18,2018
293,Niger,,,,,1,0.17,2018
294,Nepal,,,,,9,0.17,2018
295,Saudi Arabic,1,0.03,,,3,0.13,2018
296,Saint Vincent and the Grenadines,,,,,1,0.15,2018
297,Gambia,,,,,1,0.15,2018
298,Iraq,1,0.05,,,5,0.09,2018
299,Antigua and Barbuda,1,0.02,,,1,0.09,2018
300,Myanmar,,,,,1,0.1,2018
301,British Isles,1,0.1,,,,,2018
302,North Korea,,,,,1,0.09,2018
303,Latvia,1,0.08,,,1,0.01,2018
304,Turkmenistan,,,,,4,0.08,2018
305,Iceland,,,,,2,0.07,2018
306,Liberia,,,,,2,0.07,2018
307,Algeria,1,0.05,,,,,2018
308,Ethiopia,,,,,1,0.04,2018
309,Uganda,1,0,,,2,0.03,2018
310,Ghana,,,,,1,0.02,2018
311,Kuwait,1,0,,,1,0.02,2018
312,Romania,,,,,2,0.02,2018
313,Portugal,,,,,1,0.01,2018
314,Liechtenstein,1,0.01,,,,,2018
315,Mexico,1,0.01,,,,,2018
316,Iran (Islamic Republic of),,,,,1,0.01,2018
317,Rumani,,,,,1,0.01,2018
318,Colombia,,,,,1,0,2018
319,Serbia,,,,,2,0,2018
320,Dominican Republic,,,,,1,0,2018
321,Haiti,,,,,1,0,2018
322,Denmark,4,0.33,2,-4.73,17,1.7,2018
323,Korea,1137,"3,668.76",457,"1,580.26","2,959","2,667.98",2019
324,Hongkong,328,"2,811.88",100,606.16,191,"4,450.58",2019
325,Singapore,296,"2,100.94",90,-290.5,658,"2,691.28",2019
326,Japan,435,"1,820.69",220,"1,070.79",787,"1,246.12",2019
327,China,683,"2,373.37",145,650.36,"1,925","1,039.21",2019
328,Taiwan,152,860.62,90,304.81,733,676.86,2019
329,BritishVirginIslands,45,500.42,34,321.08,79,550.54,2019
330,Samoa,55,543.09,29,243.69,31,99.89,2019
331,Thailand,46,562.35,18,85.14,143,220.73,2019
332,Neitherland,29,390.85,17,262.48,57,174.45,2019
333,Cayman Islands,8,21.6,6,99.56,31,387.06,2019
334,The United States of America,105,163.03,30,182.33,328,115.1,2019
335,United Kingdom,36,149.28,14,73.3,95,80.68,2019
336,Seychelles,34,163.33,9,30.33,27,73.4,2019
337,Australia,51,42.81,12,75.19,191,108.47,2019
338,Malaysia,36,23.62,17,123.78,203,68.72,2019
339,France,44,37.13,12,28.84,187,112.76,2019
340,Canada,28,31.28,5,1.36,107,145.86,2019
341,Germany,34,39.11,10,50.13,79,48.44,2019
342,New Zealand,8,117.8,1,0.19,21,17.1,2019
343,Sweden,15,28.62,5,4.15,15,90.12,2019
344,Switzerland,20,11.06,5,52.29,26,47.03,2019
345,Anguilla,8,40.26,3,17.5,4,13.19,2019
346,Brunei Darussalam,1,1.1,6,53.59,6,14.92,2019
347,Luxembourg,5,45.62,1,0.34,6,10.85,2019
348,Philippines,3,0.05,,,36,51.92,2019
349,India,53,23.1,9,15.8,134,11.06,2019
350,Indonesia,19,12.76,4,17.32,25,14,2019
351,Qatar,,,,,3,42.79,2019
352,Bermuda,,,1,42.45,,,2019
353,Spain,7,8.28,8,9.74,24,22.19,2019
354,Liên bang Nga,13,3.31,,,92,31.98,2019
355,Nauy,4,0.12,1,28,13,4.35,2019
356,British West Indies,3,31,,,1,0.23,2019
357,Poland,5,26.75,,,16,1.71,2019
358,Denmark,11,3.63,2,10.11,19,10.82,2019
359,Ireland,4,21.08,,,14,0.42,2019
360,Pakistan,10,0.43,3,4.14,74,11.58,2019
361,Israel,5,10.39,1,0.2,14,5.45,2019
362,Czech Republic,1,0.22,1,0.42,10,15.33,2019
363,Mauritius,1,0.01,3,13.5,3,1.51,2019
364,Lithuania,3,6.2,1,7.75,3,1.06,2019
365,Macao,1,15,,,1,0,2019
366,Italia,16,3.8,2,5.16,43,4.22,2019
367,Sri Lanka,4,0.24,4,9.7,12,0.71,2019
368,Slovakia,2,0.01,,,3,10.05,2019
369,Belize,2,7.08,,,3,2.58,2019
370,United States Virgin Islands,,,1,1.34,1,8.17,2019
371,Afghanistan,1,0.04,,,33,9.31,2019
372,Marshall Islands,,,,,3,7.5,2019
373,Litva,1,6.78,,,,,2019
374,Panama,1,0.01,1,6,1,0.46,2019
375,Ukraina,2,0.1,,,23,6.22,2019
376,Republic of Cyprus,3,0.35,2,3.21,2,2.52,2019
377,Belgium,5,5.07,,,16,0.98,2019
378,Cambodia,4,1.25,,,10,4.41,2019
379,Oman,,,,,1,5.11,2019
380,Turkey,3,0.13,,,25,4.64,2019
381,United Arab Emirates,3,2.9,,,4,1.53,2019
382,Nigeria,5,0.37,,,87,3.92,2019
383,Bangladesh,4,0.11,,,26,2.64,2019
384,Austria,2,1.37,,,6,1.36,2019
385,Kazakhstan,1,0.05,,,10,2.23,2019
386,Democratic Republic of the Congo,,,,,1,2.2,2019
387,Ukraine,,,,,4,1.72,2019
388,Latvia,1,0.09,,,6,1.44,2019
389,Hungary,,,,,4,1.43,2019
390,Saint Vincent and the Grenadines,1,1.3,,,,,2019
391,Bulgaria,1,1.07,,,2,0.04,2019
392,Armenia,,,,,2,1,2019
393,Poland,4,0.67,,,6,0.22,2019
394,Nepal,2,0.24,,,14,0.56,2019
395,Ethiopia,,,,,2,0.78,2019
396,Saudi Arabic,,,,,7,0.63,2019
397,Saint Kitts and Nevis,,,,,2,0.58,2019
398,Egypt,6,0.2,,,14,0.38,2019
399,Bahamas,4,0.48,,,,,2019
400,Grece,,,,,8,0.37,2019
401,Isle of Man,,,,,1,0.3,2019
402,Chile,1,0.25,,,1,0.04,2019
403,Iraq,,,,,6,0.28,2019
404,Yemen,1,0.01,,,9,0.26,2019
405,Burkina Faso,,,,,4,0.26,2019
406,Jordan,1,0.01,,,5,0.25,2019
407,South Africa,3,0.09,,,5,0.16,2019
408,Laos,1,0.1,,,4,0.14,2019
409,Island of Nevis,,,,,1,0.21,2019
410,Palestine,,,,,3,0.18,2019
411,Sudan,,,,,3,0.18,2019
412,Iran (Islamic Republic of),1,0.01,,,3,0.15,2019
413,Mali,,,,,3,0.13,2019
414,Andorra,,,,,1,0.13,2019
415,Myanmar,,,,,1,0.13,2019
416,Albania,,,,,2,0.12,2019
417,Antigua and Barbuda,,,1,0.05,1,0.07,2019
418,Mexico,2,0.11,,,1,0,2019
419,Libya,2,0.12,,,,,2019
420,Brazil,1,0.01,,,3,0.11,2019
421,Kenya,,,,,1,0.1,2019
422,Honduras,1,0.1,,,,,2019
423,Syrian Arab Republic,2,0.08,,,,,2019
424,Guinea Bissau,,,,,1,0.08,2019
425,Belarus,2,0.05,,,1,0.02,2019
426,Djibouti,1,0.02,,,2,0.04,2019
427,Mongolia,,,,,2,0.06,2019
428,Vanuatu,,,,,2,0.06,2019
429,Rumani,,,,,6,0.04,2019
430,Dominica,,,,,1,0.04,2019
431,Somali,,,,,1,0.04,2019
432,Iceland,1,0.02,,,1,0.02,2019
433,Malawi,,,,,1,0.04,2019
434,Tuvalu,,,,,1,0.03,2019
435,Venezuela,,,,,1,0.03,2019
436,Liberia,,,,,1,0.02,2019
437,Trinidad and Tobago,,,,,1,0.02,2019
438,Algeria,,,,,1,0.02,2019
439,British Isles,,,,,1,0.02,2019
440,Kyrgyzstan,,,,,1,0.02,2019
441,Portugal,,,,,2,0.02,2019
442,Cameroon,2,0.01,,,,,2019
443,Costa Rica,1,0.01,,,,,2019
444,Lebanon,,,,,2,0.007,2019
445,Mozambique,,,,,1,0.01,2019
446,Colombia,,,,,1,0.004,2019
447,Ghana,,,,,1,0.004,2019
448,Singapore,248,"6,157.24",89,671.19,529,"2,165.69",2020
449,Korea,609,"1,205.80",354,"1,740.13","1,823","1,003.18",2020
450,China,342,"1,582.05",134,487.56,804,389.82,2020
451,Japan,272,786.03,155,432.96,523,"1,148.99",2020
452,Taiwan,131,"1,505.74",78,200.8,433,351.86,2020
453,Hongkong,211,"1,271.02",102,466.33,126,262.22,2020
454,Thailand,40,292.36,23,"1,357.34",100,135.79,2020
455,BritishVirginIslands,30,310.82,25,206.5,38,385.61,2020
456,Neitherland,36,293.67,16,158,42,444.86,2020
457,Cayman Islands,3,100.2,1,2,33,286.07,2020
458,The United States of America,95,180.45,16,40.61,262,139.17,2020
459,Philippines,7,295.36, -   , -   ,35,12.31,2020
460,Seychelles,36,134.68,12,22.45,19,101.52,2020
461,United Kingdom,42,15.7,15,129.09,81,104.65,2020
462,Samoa,31,134.03,20,88.36,16,19.79,2020
463,Malaysia,33,61.44,12,94.25,121,39.33,2020
464,Germany,29,74.55,10,30.22,67,41.29,2020
465,France,52,43.86,11,17.41,175,73.11,2020
466,Switzerland,11,20.09,9,44.71,30,37.42,2020
467,Poland,3,1.52,4,90.1,9,2.53,2020
468,Australia,41,5.52,2,1.68,131,64.06,2020
469,Canada,22,4.32,6,5.86,78,57.28,2020
470,Luxembourg,1,1.5,2,38.26,12,9.57,2020
471,Kenya,1,40.77, -   , -   ,2,8.06,2020
472,Belize,4,13.9,3,3.47,4,19.16,2020
473,India,47,15.93,5,1.07,110,13.77,2020
474,Anguilla,3,4.8,4,16.17,1,9.74,2020
475,Indonesia,10,15.51,3,3.4,14,10.05,2020
476,British West Indies,1,11.57,4,16.6, -   , -   ,2020
477,United Arab Emirates,5,17.4,1,-0.06,2,6.83,2020
478,Afghanistan,1,0.06,1,0,36,22.97,2020
479,Cambodia,5,6.85, -   , -   ,8,16.14,2020
480,Iceland,2,8.3,1,12, -   , -   ,2020
481,Marshall Islands,2,10.5,1,0.47,2,6.24,2020
482,Spain,7,1.09,2,10.12,9,0.38,2020
483,Denmark,5,1.85,2,8.5,12,1.18,2020
484,Israel,5,0.04,2,3.25,19,5.66,2020
485,Mauritius,2,1.66,1,7,1,0.05,2020
486,Liên bang Nga,9,0.59,1,0.1,83,8.02,2020
487,Panama,1,7,1,0.7,1,0.9,2020
488,Pakistan,1,0.01,1,0.15,24,8.14,2020
489,Ukraina,2,0.09, -   , -   ,16,8.05,2020
490,Sweden,5,0.79,1,1.77,17,4.47,2020
491,Nigeria,1,0.04,2,0.05,61,6.91,2020
492,Italia,11,2.95,1,0.51,23,3.28,2020
493,Belgium,8,3.69, -   , -   ,15,0.62,2020
494,Ireland,3,0.07, -   , -   ,9,3.99,2020
495,Republic of Cyprus,4,0.1, -   , -   ,5,3.01,2020
496,Macao,1,0.05,3,2.92,2,0.1,2020
497,South Africa,3,0.1, -   , -   ,9,2.5,2020
498,Portugal, -   , -   , -   , -   ,5,2.44,2020
499,Brazil, -   , -   , -   , -   ,8,2.33,2020
500,Laos, -   , -   , -   , -   ,3,2.26,2020
501,Turkey,4,0.09, -   , -   ,8,1.75,2020
502,Egypt,6,0.34, -   , -   ,9,0.96,2020
503,Bangladesh, -   , -   , -   , -   ,9,1.19,2020
504,Poland,5,0.3,2,0.27,6,0.6,2020
505,Austria,1,0.04, -   , -   ,7,1.11,2020
506,New Zealand,4,0.2, -   , -   ,15,0.92,2020
507,Ethiopia, -   , -   , -   , -   ,2,0.95,2020
508,Mali, -   , -   , -   , -   ,2,0.91,2020
509,Malta,1,0.6, -   , -   ,1,0.26,2020
510,Kazakhstan,2,0.02, -   , -   ,6,0.77,2020
511,Venezuela,,,,,1,0.77,2020
512,Saudi Arabic,1,0.06, -   , -   ,3,0.71,2020
513,Burkina Faso, -   , -   , -   , -   ,3,0.65,2020
514,Syrian Arab Republic, -   , -   , -   , -   ,4,0.65,2020
515,Sri Lanka,2,0.13, -   , -   ,6,0.5,2020
516,Saint Kitts and Nevis,1,0.02, -   , -   ,1,0.6,2020
517,Czech Republic,1,0.1,1,0.19,7,0.3,2020
518,Grece, -   , -   , -   , -   ,4,0.31,2020
519,Iran (Islamic Republic of),1,0.02, -   , -   ,4,0.2,2020
520,Cu Ba,1,0.2, -   , -   , -   , -   ,2020
521,Cameroon,1,0.18, -   , -   , -   , -   ,2020
522,Nauy,2,0.16, -   , -   ,2,0.02,2020
523,Latvia, -   , -   , -   , -   ,3,0.16,2020
524,Trinidad and Tobago, -   , -   , -   , -   ,1,0.13,2020
525,Albania, -   , -   , -   , -   ,2,0.13,2020
526,Lithuania,1,0.01, -   , -   ,4,0.12,2020
527,Palestine,1,0.04, -   , -   ,1,0.09,2020
528,Dominica,1,0.04, -   , -   ,2,0.06,2020
529,Vanuatu, -   , -   , -   , -   ,2,0.1,2020
530,Nepal, -   , -   , -   , -   ,3,0.1,2020
531,Yemen,1,0.01, -   , -   ,2,0.09,2020
532,Sudan, -   , -   , -   , -   ,1,0.09,2020
533,Jordan, -   , -   , -   , -   ,1,0.09,2020
534,Slovakia, -   , -   , -   , -   ,3,0.08,2020
535,Côte d'Ivoire,,,,,1,0.06,2020
536,Iraq,1,0.01, -   , -   ,3,0.05,2020
537,Belarus,1,0.04,1,0.01, -   , -   ,2020
538,Guinea,1,0.01, -   , -   ,1,0.04,2020
539,Republic of Moldova, -   , -   , -   , -   ,2,0.05,2020
540,Chile,2,0.03, -   , -   ,2,0.01,2020
541,Hungary, -   , -   , -   , -   ,2,0.04,2020
542,Turkmenistan, -   , -   , -   , -   ,1,0.03,2020
543,Rumani, -   , -   , -   , -   ,2,0.03,2020
544,Argentina,1,0.02, -   , -   ,1,0,2020
545,Algeria, -   , -   , -   , -   ,1,0.02,2020
546,Libya, -   , -   , -   , -   ,1,0.02,2020
547,Bulgaria, -   , -   , -   , -   ,1,0.02,2020
548,Lebanon,1,0.02, -   , -   , -   , -   ,2020
549,Liberia, -   , -   , -   , -   ,3,0.02,2020
550,Mexico, -   , -   , -   , -   ,2,0.02,2020
551,Serbia, -   , -   , -   , -   ,1,0.02,2020
552,Colombia,2,0.02, -   , -   , -   , -   ,2020
553,Litva, -   , -   , -   , -   ,1,0.01,2020
554,Bahamas,1,0.01, -   , -   , -   , -   ,2020
555,Lesotho,1,0.01, -   , -   , -   , -   ,2020
556,Democratic Republic of the Congo, -   , -   , -   , -   ,1,0.01,2020
557,El Salvador, -   , -   , -   , -   ,1,0.01,2020
558,Kyrgyzstan, -   , -   , -   , -   ,1,0.00003,2020
559, Singapore ,221,"6,105.13",93,"1,238.08",332,"3,368.77",2021
560,Korea,361,"1,198.94",280,"3,162.82","1,301",591.43,2021
561,Japan,199,"2,790.27",132,859.76,209,247.45,2021
562,China,204,"1,664.35",117,"1,047.54",433,209.83,2021
563,Hongkong,126,"1,672.24",96,470.07,80,173.46,2021
564,Taiwan,63,284.85,61,805.39,209,161.75,2021
565,Neitherland,24,119.44,16,186.55,32,816.34,2021
566,The United States of America,77,398.4,23,255.48,160,84.78,2021
567, BritishVirginIslands ,27,219.8,23,197.03,17,152.72,2021
568, Cayman Islands ,7,15.2,6,38.84,14,377.23,2021
569,Thailand,35,199.43,20,4.25,37,146.06,2021
570,United Kingdom,48,53.25,13,120.62,84,129.13,2021
571, Samoa ,15,80.7,15,184.08,8,12.78,2021
572,Switzerland,12,11.45,3,137.18,15,22.1,2021
573, Seychelles ,17,93.62,11,39.19,9,20.03,2021
574, Malaysia ,20,23.19,11,40.24,60,79.41,2021
575,Germany,34,85.66,12,20.93,53,19.42,2021
576,Turkey,3,0.32,1,82.7,16,2.73,2021
577, Australia ,35,38.58,9,-5.88,94,32.54,2021
578, Canada ,20,15.86,3,1.72,60,44.78,2021
579, Philippines ,6,54.75, -   , -   ,22,6.68,2021
580, Bermuda , -   , -   ,1,49.8, -   , -   ,2021
581,Denmark,6,13.49,2,24.62,16,9.19,2021
582,France,31,2.19,10,11.79,119,25.24,2021
583, Kenya , -   , -   , -   , -   ,1,29.97,2021
584, United States Virgin Islands ,1,27.5,1,1.76, -   , -   ,2021
585,India,26,5.51,7,6.62,60,7.02,2021
586, Afghanistan , -   , -   , -   , -   ,12,18.19,2021
587,Belgium,5,0.59, -   , -   ,16,16.19,2021
588, Belarus , -   , -   ,1,15.99,3,0.05,2021
589, Ireland ,6,0.66, -   , -   ,9,13.18,2021
590, Israel ,6,1.39,2,9.9,12,1.84,2021
591, Italia ,16,6.97,2,4.2,19,1.27,2021
592, Macao ,1,10.87,1,1.5, -   , -   ,2021
593,Sweden,10,11.33, -   , -   ,4,0.71,2021
594, Belize ,1,9.5, -   , -   ,1,1.81,2021
595, Anguilla ,1,10, -   , -   , -   , -   ,2021
596,Spain,5,0.24,2,6.49,13,3.23,2021
597, Brunei Darussalam , -   , -   ,1,-0.26,1,8.66,2021
598, Liên bang Nga ,5,0.12,1,0.62,59,7.38,2021
599,Saudi Arabic,1,7.5, -   , -   ,2,0.35,2021
600, Nigeria ,2,0.03, -   , -   ,32,5.91,2021
601, Indonesia ,3,0.17, -   , -   ,9,5.49,2021
602, Sierra Leone , -   , -   , -   , -   ,1,5.17,2021
603, Marshall Islands ,1,5, -   , -   , -   , -   ,2021
604,Cambodia,1,0.15, -   , -   ,4,4.01,2021
605, Luxembourg ,1,0.5,1,3,3,0.61,2021
606, Channel Islands , -   , -   , -   , -   ,1,3.99,2021
607, Hungary ,2,2.08, -   , -   ,4,0.18,2021
608, Pakistan ,4,0.23,1,-0.5,17,2.38,2021
609, Yemen , -   , -   , -   , -   ,6,2,2021
610, Panama , -   , -   ,2,1.6, -   , -   ,2021
611,Austria,2,0.28, -   , -   ,3,1.12,2021
612, Kazakhstan ,1,0.02, -   , -   ,4,1.35,2021
613, New Zealand ,4,0.18, -   , -   ,15,1.13,2021
614, Albania ,1,1.24, -   , -   , -   , -   ,2021
615, Ukraina , -   , -   , -   , -   ,15,1.05,2021
616, Mauritius ,,,1,1, -   , -   ,2021
617, South Africa ,2,0.05, -   , -   ,9,0.84,2021
618, Sri Lanka ,1,0.2, -   , -   ,3,0.61,2021
619, Maroc ,1,0.03, -   , -   ,2,0.77,2021
620, Uzbekistan , -   , -   , -   , -   ,1,0.65,2021
621,Czech Republic,3,0.09, -   , -   ,4,0.53,2021
622, Uruguay ,1,0.04, -   , -   ,2,0.55,2021
623, Nauy ,5,0.57, -   , -   ,1,0.01,2021
624,Egypt,1,0.01,1,0.03,6,0.5,2021
625, Côte d'Ivoire , -   , -   , -   , -   ,3,0.51,2021
626,Poland,2,0.09, -   , -   ,5,0.39,2021
627,United Arab Emirates,4,0.33, -   , -   ,1,0.13,2021
628, Rumani , -   , -   , -   , -   ,2,0.47,2021
629,Poland,4,0.13, -   , -   ,4,0.32,2021
630, Slovakia ,2,0.02, -   , -   ,3,0.42,2021
631, Guinea Bissau , -   , -   , -   , -   ,2,0.42,2021
632, Iraq , -   , -   , -   , -   ,1,0.39,2021
633, Armenia , -   , -   , -   , -   ,4,0.32,2021
634, Iran (Islamic Republic of) ,1,0.01, -   , -   ,2,0.28,2021
635, Lithuania , -   , -   , -   , -   ,1,0.27,2021
636,Grece,2,0.05, -   , -   ,4,0.22,2021
637, Libya , -   , -   , -   , -   ,1,0.26,2021
638, Bangladesh , -   , -   , -   , -   ,2,0.23,2021
639, Brazil ,1,0.02, -   , -   ,3,0.2,2021
640, Jordan , -   , -   , -   , -   ,2,0.22,2021
641, Bulgaria ,2,0.04, -   , -   ,1,0.13,2021
642, Lebanon ,1,0.05,1,0.11, -   , -   ,2021
643, Laos ,1,0.15, -   , -   , -   , -   ,2021
644, Liberia , -   , -   , -   , -   ,1,0.14,2021
645, Myanmar , -   , -   , -   , -   ,2,0.14,2021
646, Romania , -   , -   , -   , -   ,1,0.14,2021
647, Cu Ba ,1,0.13, -   , -   , -   , -   ,2021
648, Mongolia , -   , -   , -   , -   ,1,0.13,2021
649, Syrian Arab Republic , -   , -   , -   , -   ,1,0.13,2021
650, Mali , -   , -   , -   , -   ,1,0.11,2021
651, Nepal ,1,0.03, -   , -   ,2,0.07,2021
652, Nicaragua , -   , -   , -   , -   ,1,0.04,2021
653, Zimbabwe , -   , -   , -   , -   ,1,0.03,2021
654, Congo ,1,0.02, -   , -   , -   , -   ,2021
655, Mexico ,1,0.022, -   , -   , -   , -   ,2021
656, Saint Kitts and Nevis , -   , -   , -   , -   ,1,0.02,2021
657, Argentina ,1,0.004, -   , -   ,2,0.01,2021
658, Estonia ,1,0.01, -   , -   , -   , -   ,2021
659, Palestine , -   , -   , -   , -   ,1,0.004,2021
660, Isle of Man , -   , -   , -   , -   ,1,0.004,2021
661, Tanzania , -   , -   , -   , -   ,1,0.004,2021
662, Latvia , -   , -   , -   , -   ,2,0.003,2021
663, Vanuatu , -   , -   , -   , -   ,1,0.002,2021
664,Republic of Cyprus,1,0.15,2,-10.09,2,4.47,2021
665, Singapore ,280,"2,120.23",113,"2,500.71",376,"1,834.07",2022
666,Korea,416,"1,118.85",361,"2,818.57","1,215",941.59,2022
667,Japan,203,"3,388.39",162,"1,170.14",216,222.86,2022
668,China,283,"1,356.53",127,"1,002.83",312,158.65,2022
669,Hongkong,134,"1,101.22",79,958.54,58,164.12,2022
670,Taiwan,86,512.8,54,648.31,216,190.51,2022
671,Denmark,8,"1,320.52",3,-1.44,8,1.22,2022
672,The United States of America,91,531.56,22,48.11,166,168.5,2022
673,Neitherland,31,43.73,8,41.55,30,616.9,2022
674, BritishVirginIslands ,25,192.72,20,216.34,20,197.94,2022
675, Samoa ,20,98.74,17,197.04,7,9.99,2022
676, Cayman Islands ,4,1.51,1,96.49,19,124.61,2022
677,Thailand,37,110.06,16,-72.62,50,161.42,2022
678, Malaysia ,38,9.29,7,131.29,87,44.6,2022
679, Bermuda ,2,180.28, -   , -   , -   , -   ,2022
680,France,26,38.16,12,107.99,79,18.78,2022
681,United Kingdom,53,64.33,15,29.11,55,41.21,2022
682,Germany,32,58.47,13,48.27,33,10.34,2022
683, Seychelles ,19,55.89,10,23.13,14,35.12,2022
684, Australia ,36,7.4,8,16.53,87,47.32,2022
685, Canada ,14,7.44,2,0.08,49,49.82,2022
686,Sweden,6,37.61,1,3,9,3.32,2022
687, Luxembourg ,4,35.02,3,-4.25,5,10.65,2022
688,India,42,1.96,5,23.23,61,6.58,2022
689, Indonesia ,4,0.53,3,25.17,4,5.44,2022
690, Brunei Darussalam ,1,5,3,22.55,1,1,2022
691,Poland,3,0.01,2,22.54,1,0.03,2022
692, Liên bang Nga ,12,7.64,3,4.32,64,8.39,2022
693,Cambodia,2,1.01, -   , -   ,2,16.94,2022
694,Spain,5,5.94,4,3.3,4,6.94,2022
695, Philippines ,3,0.8,1,2,68,11.72,2022
696, Marshall Islands ,7,13.97, -   , -   , -   , -   ,2022
697, Italia ,10,0.39,4,9.28,12,1.91,2022
698, Nigeria ,1,0.12, -   , -   ,49,11.42,2022
699,Switzerland,16,4.55,5,5.87,11,0.71,2022
700, Belize ,2,0.23,2,5.08,2,1.33,2022
701, Mauritius ,2,1.05,1,5.5, -   , -   ,2022
702, Hungary ,3,2.37,1,3.14,1,0.06,2022
703, United States Virgin Islands , -   , -   ,2,3.82,1,0.95,2022
704, New Zealand ,5,1.72, -   , -   ,8,1.32,2022
705,Austria,6,0.92,1,0.13,5,1.82,2022
706, Ireland ,9,1.37,1,0.25,6,1.03,2022
707, Pakistan ,3,0.95,1,0.05,9,1.29,2022
708, Laos , -   , -   , -   , -   ,2,2.09,2022
709,Czech Republic,2,1.12,1,0.01,3,0.67,2022
710, Ukraina , -   , -   , -   , -   ,9,1.68,2022
711,Belgium,1,0.84,2,0.19,9,0.45,2022
712,Poland,2,0.06,1,0.56,3,0.79,2022
713, Sri Lanka ,1,0.01, -   , -   ,8,1.15,2022
714, Afghanistan ,2,0.04, -   , -   ,2,1.1,2022
715, Yemen , -   , -   ,1,0.09,3,1,2022
716,Republic of Cyprus,3,0.42,1,0.24,5,0.37,2022
717, South Africa ,3,0.16, -   , -   ,7,0.79,2022
718, Saint Kitts and Nevis , -   , -   , -   , -   ,3,0.91,2022
719, Cu Ba , -   , -   , -   , -   ,3,0.9,2022
720,Turkey,5,0.37,3,0.03,20,0.45,2022
721, Syrian Arab Republic , -   , -   , -   , -   ,3,0.83,2022
722, Israel ,1,0.04,1,0.2,6,0.52,2022
723,United Arab Emirates,2,0.27,1,0.25,2,0.22,2022
724,Egypt,1,0.05, -   , -   ,2,0.67,2022
725, Côte d'Ivoire , -   , -   , -   , -   ,2,0.69,2022
726, Bangladesh ,1,0.05, -   , -   ,4,0.58,2022
727, Nauy ,4,0.26, -   , -   ,4,0.29,2022
728, Kazakhstan , -   , -   , -   , -   ,5,0.55,2022
729, Saint Vincent and the Grenadines , -   , -   , -   , -   ,1,0.45,2022
730, Bahamas , -   , -   , -   , -   ,1,0.42,2022
731, Burundi , -   , -   , -   , -   ,1,0.38,2022
732, Vanuatu , -   , -   , -   , -   ,3,0.36,2022
733, Iran (Islamic Republic of) ,2,0.03,1,0.02,3,0.31,2022
734, Sudan , -   , -   , -   , -   ,1,0.3,2022
735, Latvia , -   , -   , -   , -   ,3,0.29,2022
736, Burkina Faso , -   , -   , -   , -   ,1,0.28,2022
737, Guinea , -   , -   , -   , -   ,1,0.27,2022
738, Armenia ,2,0.14, -   , -   ,1,0.13,2022
739, Rumani ,1,0.13,1,0.13, -   , -   ,2022
740, Dominica , -   , -   , -   , -   ,2,0.24,2022
741, Lebanon ,2,0.09, -   , -   ,1,0.13,2022
742,Grece,1,0.01, -   , -   ,1,0.21,2022
743, Macao , -   , -   , -   , -   ,1,0.21,2022
744, Algeria , -   , -   , -   , -   ,2,0.19,2022
745, Bulgaria ,3,0.18, -   , -   , -   , -   ,2022
746, Grenada ,1,0.15, -   , -   , -   , -   ,2022
747,Portugal, -   , -   , -   , -   ,2,0.14,2022
748, Antigua and Barbuda , -   , -   ,1,0.14, -   , -   ,2022
749, Libya ,1,0.13, -   , -   , -   , -   ,2022
750, Colombia , -   , -   , -   , -   ,1,0.13,2022
751, Venezuela ,1,0.02, -   , -   ,1,0.11,2022
752, Myanmar ,2,0.11, -   , -   , -   , -   ,2022
753, Ethiopia , -   , -   , -   , -   ,1,0.11,2022
754, Malta ,1,0.1, -   , -   , -   , -   ,2022
755, Chile , -   , -   , -   , -   ,1,0.09,2022
756, Lithuania ,1,0.08, -   , -   , -   , -   ,2022
757, Belarus , -   , -   , -   , -   ,2,0.07,2022
758, Uganda ,1,0.05, -   , -   , -   , -   ,2022
759, Albania , -   , -   , -   , -   ,1,0.05,2022
760, Jordan ,1,0.04, -   , -   , -   , -   ,2022
761, Kyrgyzstan , -   , -   , -   , -   ,1,0.03,2022
762, Tunisia , -   , -   , -   , -   ,1,0.03,2022
763, Brazil ,1,0.02, -   , -   ,1,0.01,2022
764, Iceland , -   , -   , -   , -   ,1,0.01,2022
765, Argentina ,1,0.01, -   , -   , -   , -   ,2022
766, Nepal , -   , -   , -   , -   ,1,0.01,2022
767, Djibouti , -   , -   , -   , -   ,1,0.01,2022
768, Estonia , -   , -   , -   , -   ,1,0.01,2022
769, Republic of Moldova ,1,0.01, -   , -   , -   , -   ,2022
770, Cameroon ,1,0.01, -   , -   , -   , -   ,2022
771, Isle of Man , -   , -   , -   , -   ,1,0.004,2022
772, Slovenia , -   , -   , -   , -   ,1,0.004,2022
